"time","A1","A2","A3","A4","A5","A6","A7","A8","A9","A10","A11","A12","B1","B2","B3","B4","B5","B6","B7","B8","B9","B10","B11","B12","C1","C2","C3","C4","C5","C6","C7","C8","C9","C10","C11","C12","D1","D2","D3","D4","D5","D6","D7","D8","D9","D10","D11","D12","E1","E2","E3","E4","E5","E6","E7","E8","E9","E10","E11","E12","F1","F2","F3","F4","F5","F6","F7","F8","F9","F10","F11","F12","G1","G2","G3","G4","G5","G6","G7","G8","G9","G10","G11","G12","H1","H2","H3","H4","H5","H6","H7","H8","H9","H10","H11","H12"
0,NA,NA,NA,NA,NA,NA,NA,NA,NA,NA,NA,NA,NA,0.0855,0.1793,0.1802,0.184,0.1927,0.2146,0.1707,0.2048,0.1977,0.2017,NA,NA,NA,NA,NA,NA,0.1781,0.1764,0.1772,0.1817,0.1767,0.183,NA,NA,0.0851,0.2206,0.2481,0.2479,0.2105,0.2087,0.2123,0.4235,0.4252,0.4269,NA,NA,NA,NA,NA,NA,0.1834,0.2025,0.1931,0.2185,0.1654,0.2081,NA,NA,NA,NA,NA,NA,NA,NA,NA,NA,NA,NA,NA,NA,NA,NA,NA,NA,NA,NA,NA,NA,NA,NA,NA,NA,NA,NA,NA,NA,NA,NA,NA,NA,NA,NA,NA
0.264444444444444,NA,NA,NA,NA,NA,NA,NA,NA,NA,NA,NA,NA,NA,0.0848,0.2,0.1997,0.208,0.2174,0.2471,0.1914,0.2384,0.2323,0.2398,NA,NA,NA,NA,NA,NA,0.198,0.1975,0.1964,0.2052,0.199,0.207,NA,NA,0.0849,0.2537,0.2895,0.2895,0.2398,0.2388,0.2435,0.4779,0.4822,0.4852,NA,NA,NA,NA,NA,NA,0.212,0.2313,0.2229,0.2538,0.1857,0.2407,NA,NA,NA,NA,NA,NA,NA,NA,NA,NA,NA,NA,NA,NA,NA,NA,NA,NA,NA,NA,NA,NA,NA,NA,NA,NA,NA,NA,NA,NA,NA,NA,NA,NA,NA,NA,NA
0.528888888888889,NA,NA,NA,NA,NA,NA,NA,NA,NA,NA,NA,NA,NA,0.0851,0.234,0.2335,0.2426,0.2629,0.2988,0.2268,0.288,0.2823,0.2901,NA,NA,NA,NA,NA,NA,0.2316,0.2301,0.2296,0.2435,0.2348,0.2438,NA,NA,0.0847,0.3097,0.349,0.3495,0.2866,0.2858,0.2916,0.5436,0.5493,0.5511,NA,NA,NA,NA,NA,NA,0.2499,0.2765,0.2706,0.3008,0.2177,0.2871,NA,NA,NA,NA,NA,NA,NA,NA,NA,NA,NA,NA,NA,NA,NA,NA,NA,NA,NA,NA,NA,NA,NA,NA,NA,NA,NA,NA,NA,NA,NA,NA,NA,NA,NA,NA,NA
0.793333333333333,NA,NA,NA,NA,NA,NA,NA,NA,NA,NA,NA,NA,NA,0.0843,0.2831,0.2815,0.2926,0.3135,0.3493,0.2712,0.3309,0.3303,0.3332,NA,NA,NA,NA,NA,NA,0.2805,0.2787,0.277,0.288,0.2765,0.2825,NA,NA,0.0848,0.3627,0.4016,0.4043,0.3483,0.347,0.3548,0.6123,0.6178,0.6179,NA,NA,NA,NA,NA,NA,0.3052,0.3287,0.3231,0.3322,0.2399,0.3155,NA,NA,NA,NA,NA,NA,NA,NA,NA,NA,NA,NA,NA,NA,NA,NA,NA,NA,NA,NA,NA,NA,NA,NA,NA,NA,NA,NA,NA,NA,NA,NA,NA,NA,NA,NA,NA
1.13527777777778,NA,NA,NA,NA,NA,NA,NA,NA,NA,NA,NA,NA,NA,0.0847,0.3152,0.3131,0.3293,0.3472,0.3833,0.2988,0.3667,0.3695,0.3745,NA,NA,NA,NA,NA,NA,0.3132,0.3147,0.3105,0.3393,0.328,0.3367,NA,NA,0.085,0.3998,0.443,0.4463,0.4033,0.4057,0.4106,0.655,0.6641,0.6535,NA,NA,NA,NA,NA,NA,0.3481,0.3674,0.3616,0.393,0.2943,0.3746,NA,NA,NA,NA,NA,NA,NA,NA,NA,NA,NA,NA,NA,NA,NA,NA,NA,NA,NA,NA,NA,NA,NA,NA,NA,NA,NA,NA,NA,NA,NA,NA,NA,NA,NA,NA,NA
1.4,NA,NA,NA,NA,NA,NA,NA,NA,NA,NA,NA,NA,NA,0.0848,0.3606,0.3589,0.3767,0.3924,0.428,0.3378,0.4139,0.4167,0.4217,NA,NA,NA,NA,NA,NA,0.3695,0.3705,0.3621,0.39,0.3813,0.3882,NA,NA,0.0851,0.4529,0.4951,0.4994,0.4498,0.4526,0.459,0.6763,0.6861,0.6741,NA,NA,NA,NA,NA,NA,0.3993,0.4215,0.414,0.44,0.3408,0.4232,NA,NA,NA,NA,NA,NA,NA,NA,NA,NA,NA,NA,NA,NA,NA,NA,NA,NA,NA,NA,NA,NA,NA,NA,NA,NA,NA,NA,NA,NA,NA,NA,NA,NA,NA,NA,NA
1.66416666666667,NA,NA,NA,NA,NA,NA,NA,NA,NA,NA,NA,NA,NA,0.0847,0.4063,0.4026,0.423,0.4345,0.4703,0.3783,0.4593,0.4621,0.4656,NA,NA,NA,NA,NA,NA,0.4352,0.4352,0.4232,0.4477,0.4367,0.4422,NA,NA,0.085,0.4986,0.541,0.5479,0.4988,0.5036,0.5093,0.6939,0.7077,0.693,NA,NA,NA,NA,NA,NA,0.4541,0.4731,0.4663,0.48,0.3751,0.4634,NA,NA,NA,NA,NA,NA,NA,NA,NA,NA,NA,NA,NA,NA,NA,NA,NA,NA,NA,NA,NA,NA,NA,NA,NA,NA,NA,NA,NA,NA,NA,NA,NA,NA,NA,NA,NA
1.92861111111111,NA,NA,NA,NA,NA,NA,NA,NA,NA,NA,NA,NA,NA,0.0846,0.4461,0.4428,0.4631,0.473,0.5071,0.4147,0.495,0.499,0.501,NA,NA,NA,NA,NA,NA,0.4947,0.5013,0.4828,0.4941,0.4852,0.4919,NA,NA,0.085,0.5376,0.5805,0.5883,0.5477,0.5532,0.5577,0.7124,0.7236,0.7083,NA,NA,NA,NA,NA,NA,0.4987,0.513,0.5065,0.5153,0.4074,0.5007,NA,NA,NA,NA,NA,NA,NA,NA,NA,NA,NA,NA,NA,NA,NA,NA,NA,NA,NA,NA,NA,NA,NA,NA,NA,NA,NA,NA,NA,NA,NA,NA,NA,NA,NA,NA,NA
2.19305555555556,NA,NA,NA,NA,NA,NA,NA,NA,NA,NA,NA,NA,NA,0.0847,0.4814,0.4771,0.501,0.5077,0.5399,0.4499,0.5279,0.5314,0.5347,NA,NA,NA,NA,NA,NA,0.538,0.5467,0.525,0.5383,0.5292,0.5372,NA,NA,0.0849,0.5726,0.6167,0.6246,0.5904,0.5969,0.603,0.7348,0.7443,0.7269,NA,NA,NA,NA,NA,NA,0.5319,0.5437,0.538,0.5476,0.4279,0.5317,NA,NA,NA,NA,NA,NA,NA,NA,NA,NA,NA,NA,NA,NA,NA,NA,NA,NA,NA,NA,NA,NA,NA,NA,NA,NA,NA,NA,NA,NA,NA,NA,NA,NA,NA,NA,NA
2.45722222222222,NA,NA,NA,NA,NA,NA,NA,NA,NA,NA,NA,NA,NA,0.0848,0.5101,0.5055,0.5319,0.5341,0.5637,0.4746,0.5566,0.5597,0.5624,NA,NA,NA,NA,NA,NA,0.5771,0.5848,0.5631,0.5763,0.5633,0.5681,NA,NA,0.0849,0.6034,0.6575,0.6659,0.6275,0.6354,0.639,0.7599,0.7707,0.7502,NA,NA,NA,NA,NA,NA,0.5625,0.5716,0.5649,0.5734,0.4463,0.5552,NA,NA,NA,NA,NA,NA,NA,NA,NA,NA,NA,NA,NA,NA,NA,NA,NA,NA,NA,NA,NA,NA,NA,NA,NA,NA,NA,NA,NA,NA,NA,NA,NA,NA,NA,NA,NA
2.72166666666667,NA,NA,NA,NA,NA,NA,NA,NA,NA,NA,NA,NA,NA,0.085,0.5276,0.5222,0.5542,0.5496,0.5868,0.4879,0.5791,0.5857,0.5861,NA,NA,NA,NA,NA,NA,0.6092,0.6178,0.5938,0.6024,0.5874,0.5925,NA,NA,0.0848,0.6325,0.679,0.6875,0.6603,0.6702,0.67,0.7897,0.8056,0.782,NA,NA,NA,NA,NA,NA,0.5889,0.5976,0.5923,0.5898,0.4629,0.5755,NA,NA,NA,NA,NA,NA,NA,NA,NA,NA,NA,NA,NA,NA,NA,NA,NA,NA,NA,NA,NA,NA,NA,NA,NA,NA,NA,NA,NA,NA,NA,NA,NA,NA,NA,NA,NA
2.98583333333333,NA,NA,NA,NA,NA,NA,NA,NA,NA,NA,NA,NA,NA,0.085,0.5456,0.5433,0.5685,0.5732,0.5985,0.5062,0.592,0.6025,0.5986,NA,NA,NA,NA,NA,NA,0.6335,0.643,0.6183,0.6251,0.6086,0.6163,NA,NA,0.0848,0.6414,0.688,0.6955,0.6881,0.6979,0.6989,0.8236,0.8452,0.8154,NA,NA,NA,NA,NA,NA,0.6111,0.6204,0.6156,0.6029,0.475,0.5895,NA,NA,NA,NA,NA,NA,NA,NA,NA,NA,NA,NA,NA,NA,NA,NA,NA,NA,NA,NA,NA,NA,NA,NA,NA,NA,NA,NA,NA,NA,NA,NA,NA,NA,NA,NA,NA
3.25027777777778,NA,NA,NA,NA,NA,NA,NA,NA,NA,NA,NA,NA,NA,0.0851,0.5657,0.5595,0.5919,0.5758,0.6009,0.5211,0.5969,0.6099,0.6035,NA,NA,NA,NA,NA,NA,0.6529,0.6635,0.6379,0.6458,0.6279,0.6369,NA,NA,0.0847,0.6499,0.6961,0.7033,0.712,0.7275,0.7242,0.8547,0.8768,0.8444,NA,NA,NA,NA,NA,NA,0.6297,0.6414,0.6366,0.6136,0.4801,0.5982,NA,NA,NA,NA,NA,NA,NA,NA,NA,NA,NA,NA,NA,NA,NA,NA,NA,NA,NA,NA,NA,NA,NA,NA,NA,NA,NA,NA,NA,NA,NA,NA,NA,NA,NA,NA,NA
3.51472222222222,NA,NA,NA,NA,NA,NA,NA,NA,NA,NA,NA,NA,NA,0.0853,0.5703,0.5633,0.5991,0.5807,0.6063,0.524,0.6012,0.6154,0.6104,NA,NA,NA,NA,NA,NA,0.6702,0.6804,0.6549,0.666,0.6458,0.6567,NA,NA,0.0847,0.6609,0.7076,0.7135,0.7207,0.7428,0.7335,0.8954,0.9111,0.8774,NA,NA,NA,NA,NA,NA,0.6513,0.6637,0.658,0.6244,0.485,0.606,NA,NA,NA,NA,NA,NA,NA,NA,NA,NA,NA,NA,NA,NA,NA,NA,NA,NA,NA,NA,NA,NA,NA,NA,NA,NA,NA,NA,NA,NA,NA,NA,NA,NA,NA,NA,NA
3.77888888888889,NA,NA,NA,NA,NA,NA,NA,NA,NA,NA,NA,NA,NA,0.0852,0.5733,0.567,0.6019,0.5863,0.6126,0.5271,0.6052,0.619,0.6159,NA,NA,NA,NA,NA,NA,0.6834,0.6934,0.668,0.6859,0.6626,0.6742,NA,NA,0.0846,0.6716,0.7187,0.7252,0.7323,0.7553,0.7457,0.933,0.9405,0.9065,NA,NA,NA,NA,NA,NA,0.6673,0.6796,0.6751,0.6318,0.4869,0.6126,NA,NA,NA,NA,NA,NA,NA,NA,NA,NA,NA,NA,NA,NA,NA,NA,NA,NA,NA,NA,NA,NA,NA,NA,NA,NA,NA,NA,NA,NA,NA,NA,NA,NA,NA,NA,NA
4.04333333333333,NA,NA,NA,NA,NA,NA,NA,NA,NA,NA,NA,NA,NA,0.0853,0.5771,0.5707,0.6056,0.5945,0.6203,0.5317,0.6104,0.6231,0.6239,NA,NA,NA,NA,NA,NA,0.6981,0.7098,0.6812,0.7008,0.6803,0.6866,NA,NA,0.0846,0.6843,0.7319,0.7372,0.7427,0.7585,0.7534,0.9642,0.9701,0.9332,NA,NA,NA,NA,NA,NA,0.6838,0.693,0.6877,0.6404,0.4901,0.6194,NA,NA,NA,NA,NA,NA,NA,NA,NA,NA,NA,NA,NA,NA,NA,NA,NA,NA,NA,NA,NA,NA,NA,NA,NA,NA,NA,NA,NA,NA,NA,NA,NA,NA,NA,NA,NA
4.3075,NA,NA,NA,NA,NA,NA,NA,NA,NA,NA,NA,NA,NA,0.0854,0.5818,0.5762,0.6101,0.6035,0.6288,0.5391,0.6161,0.6276,0.6313,NA,NA,NA,NA,NA,NA,0.711,0.7234,0.6935,0.7104,0.6893,0.6922,NA,NA,0.0845,0.6962,0.745,0.7504,0.7489,0.7632,0.7613,0.992,0.9912,0.9559,NA,NA,NA,NA,NA,NA,0.6987,0.7033,0.6963,0.6481,0.4925,0.6244,NA,NA,NA,NA,NA,NA,NA,NA,NA,NA,NA,NA,NA,NA,NA,NA,NA,NA,NA,NA,NA,NA,NA,NA,NA,NA,NA,NA,NA,NA,NA,NA,NA,NA,NA,NA,NA
4.57194444444444,NA,NA,NA,NA,NA,NA,NA,NA,NA,NA,NA,NA,NA,0.0853,0.5872,0.5817,0.6158,0.6134,0.6386,0.5465,0.6215,0.6332,0.6411,NA,NA,NA,NA,NA,NA,0.7257,0.7356,0.7083,0.7182,0.6974,0.6999,NA,NA,0.0846,0.7106,0.758,0.7633,0.7547,0.7625,0.7639,1.0132,1.0073,0.9781,NA,NA,NA,NA,NA,NA,0.7128,0.7104,0.7037,0.6564,0.496,0.6302,NA,NA,NA,NA,NA,NA,NA,NA,NA,NA,NA,NA,NA,NA,NA,NA,NA,NA,NA,NA,NA,NA,NA,NA,NA,NA,NA,NA,NA,NA,NA,NA,NA,NA,NA,NA,NA
4.83611111111111,NA,NA,NA,NA,NA,NA,NA,NA,NA,NA,NA,NA,NA,0.0851,0.5937,0.5877,0.6218,0.6234,0.6488,0.554,0.6281,0.6388,0.6498,NA,NA,NA,NA,NA,NA,0.7371,0.7481,0.719,0.725,0.7029,0.7068,NA,NA,0.0844,0.7255,0.7738,0.7784,0.7624,0.7698,0.7709,1.0366,1.0249,0.9993,NA,NA,NA,NA,NA,NA,0.7235,0.7186,0.7104,0.664,0.4991,0.6363,NA,NA,NA,NA,NA,NA,NA,NA,NA,NA,NA,NA,NA,NA,NA,NA,NA,NA,NA,NA,NA,NA,NA,NA,NA,NA,NA,NA,NA,NA,NA,NA,NA,NA,NA,NA,NA
5.10055555555556,NA,NA,NA,NA,NA,NA,NA,NA,NA,NA,NA,NA,NA,0.0855,0.6029,0.5969,0.6299,0.6357,0.6621,0.5633,0.6365,0.6456,0.6593,NA,NA,NA,NA,NA,NA,0.7472,0.761,0.7303,0.7302,0.7091,0.7149,NA,NA,0.0846,0.7335,0.783,0.7891,0.7714,0.7793,0.7808,1.0521,1.04,1.0179,NA,NA,NA,NA,NA,NA,0.7264,0.7213,0.7141,0.6691,0.5023,0.6414,NA,NA,NA,NA,NA,NA,NA,NA,NA,NA,NA,NA,NA,NA,NA,NA,NA,NA,NA,NA,NA,NA,NA,NA,NA,NA,NA,NA,NA,NA,NA,NA,NA,NA,NA,NA,NA
5.365,NA,NA,NA,NA,NA,NA,NA,NA,NA,NA,NA,NA,NA,0.0853,0.6087,0.602,0.64,0.6417,0.6704,0.5719,0.641,0.6539,0.6651,NA,NA,NA,NA,NA,NA,0.7553,0.7709,0.7399,0.7355,0.715,0.7206,NA,NA,0.0845,0.7389,0.7898,0.795,0.7783,0.7912,0.7903,1.0623,1.0477,1.029,NA,NA,NA,NA,NA,NA,0.7312,0.7263,0.7194,0.6717,0.5033,0.6467,NA,NA,NA,NA,NA,NA,NA,NA,NA,NA,NA,NA,NA,NA,NA,NA,NA,NA,NA,NA,NA,NA,NA,NA,NA,NA,NA,NA,NA,NA,NA,NA,NA,NA,NA,NA,NA
5.62916666666667,NA,NA,NA,NA,NA,NA,NA,NA,NA,NA,NA,NA,NA,0.0854,0.6139,0.6075,0.6458,0.6461,0.6766,0.5765,0.6457,0.6581,0.6707,NA,NA,NA,NA,NA,NA,0.762,0.7782,0.7446,0.7394,0.7193,0.7253,NA,NA,0.0845,0.7409,0.7951,0.8003,0.7883,0.8036,0.7967,1.0713,1.0544,1.0424,NA,NA,NA,NA,NA,NA,0.7357,0.7317,0.7246,0.6737,0.5066,0.6496,NA,NA,NA,NA,NA,NA,NA,NA,NA,NA,NA,NA,NA,NA,NA,NA,NA,NA,NA,NA,NA,NA,NA,NA,NA,NA,NA,NA,NA,NA,NA,NA,NA,NA,NA,NA,NA
5.89361111111111,NA,NA,NA,NA,NA,NA,NA,NA,NA,NA,NA,NA,NA,0.0854,0.6212,0.6156,0.6524,0.6491,0.6816,0.5792,0.6498,0.6628,0.6757,NA,NA,NA,NA,NA,NA,0.768,0.7859,0.7501,0.7446,0.7244,0.7309,NA,NA,0.0845,0.744,0.7996,0.8042,0.7997,0.8183,0.8106,1.0823,1.0613,1.0548,NA,NA,NA,NA,NA,NA,0.7386,0.7362,0.7266,0.6745,0.5088,0.6521,NA,NA,NA,NA,NA,NA,NA,NA,NA,NA,NA,NA,NA,NA,NA,NA,NA,NA,NA,NA,NA,NA,NA,NA,NA,NA,NA,NA,NA,NA,NA,NA,NA,NA,NA,NA,NA
6.15777777777778,NA,NA,NA,NA,NA,NA,NA,NA,NA,NA,NA,NA,NA,0.0854,0.6264,0.6203,0.6597,0.6525,0.686,0.5821,0.6546,0.667,0.6842,NA,NA,NA,NA,NA,NA,0.7741,0.7931,0.755,0.7501,0.7295,0.7362,NA,NA,0.0846,0.7489,0.8021,0.806,0.8117,0.836,0.8316,1.0925,1.0697,1.0672,NA,NA,NA,NA,NA,NA,0.7424,0.7386,0.7302,0.6761,0.5097,0.6532,NA,NA,NA,NA,NA,NA,NA,NA,NA,NA,NA,NA,NA,NA,NA,NA,NA,NA,NA,NA,NA,NA,NA,NA,NA,NA,NA,NA,NA,NA,NA,NA,NA,NA,NA,NA,NA
6.42222222222222,NA,NA,NA,NA,NA,NA,NA,NA,NA,NA,NA,NA,NA,0.0852,0.6284,0.6217,0.6627,0.6538,0.6883,0.5838,0.6587,0.6704,0.6873,NA,NA,NA,NA,NA,NA,0.7778,0.797,0.7586,0.7532,0.7326,0.7409,NA,NA,0.0845,0.7549,0.805,0.8091,0.8189,0.8567,0.8534,1.1002,1.0757,1.0769,NA,NA,NA,NA,NA,NA,0.7447,0.7402,0.7311,0.6763,0.509,0.6526,NA,NA,NA,NA,NA,NA,NA,NA,NA,NA,NA,NA,NA,NA,NA,NA,NA,NA,NA,NA,NA,NA,NA,NA,NA,NA,NA,NA,NA,NA,NA,NA,NA,NA,NA,NA,NA
6.68666666666667,NA,NA,NA,NA,NA,NA,NA,NA,NA,NA,NA,NA,NA,0.0854,0.6308,0.6243,0.6648,0.6562,0.6919,0.5855,0.6654,0.6766,0.689,NA,NA,NA,NA,NA,NA,0.7825,0.8013,0.763,0.7584,0.738,0.7465,NA,NA,0.0846,0.7622,0.8119,0.8149,0.8307,0.8721,0.8791,1.1105,1.0849,1.0883,NA,NA,NA,NA,NA,NA,0.7474,0.7417,0.7332,0.6774,0.509,0.6528,NA,NA,NA,NA,NA,NA,NA,NA,NA,NA,NA,NA,NA,NA,NA,NA,NA,NA,NA,NA,NA,NA,NA,NA,NA,NA,NA,NA,NA,NA,NA,NA,NA,NA,NA,NA,NA
6.95083333333333,NA,NA,NA,NA,NA,NA,NA,NA,NA,NA,NA,NA,NA,0.0853,0.6326,0.6256,0.667,0.656,0.6943,0.5857,0.6682,0.6837,0.6937,NA,NA,NA,NA,NA,NA,0.787,0.8038,0.767,0.7626,0.7415,0.7504,NA,NA,0.0846,0.7685,0.8171,0.8211,0.8352,0.8886,0.8996,1.1187,1.0928,1.0965,NA,NA,NA,NA,NA,NA,0.749,0.7424,0.7349,0.6805,0.5081,0.6529,NA,NA,NA,NA,NA,NA,NA,NA,NA,NA,NA,NA,NA,NA,NA,NA,NA,NA,NA,NA,NA,NA,NA,NA,NA,NA,NA,NA,NA,NA,NA,NA,NA,NA,NA,NA,NA
7.21527777777778,NA,NA,NA,NA,NA,NA,NA,NA,NA,NA,NA,NA,NA,0.0855,0.6327,0.625,0.6682,0.6564,0.6978,0.5851,0.6697,0.6863,0.6981,NA,NA,NA,NA,NA,NA,0.7894,0.808,0.7697,0.767,0.7453,0.7513,NA,NA,0.0845,0.7755,0.8235,0.8287,0.8375,0.9018,0.9158,1.1257,1.1005,1.1036,NA,NA,NA,NA,NA,NA,0.7503,0.7437,0.735,0.6803,0.5085,0.6543,NA,NA,NA,NA,NA,NA,NA,NA,NA,NA,NA,NA,NA,NA,NA,NA,NA,NA,NA,NA,NA,NA,NA,NA,NA,NA,NA,NA,NA,NA,NA,NA,NA,NA,NA,NA,NA
7.47944444444444,NA,NA,NA,NA,NA,NA,NA,NA,NA,NA,NA,NA,NA,0.086,0.6324,0.6245,0.6688,0.6573,0.6981,0.5851,0.6731,0.6874,0.7033,NA,NA,NA,NA,NA,NA,0.7919,0.8096,0.7729,0.7698,0.7478,0.7533,NA,NA,0.0846,0.7817,0.8298,0.8348,0.8408,0.9104,0.9284,1.1344,1.1077,1.1141,NA,NA,NA,NA,NA,NA,0.7497,0.7446,0.7365,0.6807,0.5089,0.6556,NA,NA,NA,NA,NA,NA,NA,NA,NA,NA,NA,NA,NA,NA,NA,NA,NA,NA,NA,NA,NA,NA,NA,NA,NA,NA,NA,NA,NA,NA,NA,NA,NA,NA,NA,NA,NA
7.74388888888889,NA,NA,NA,NA,NA,NA,NA,NA,NA,NA,NA,NA,NA,0.0856,0.6322,0.6253,0.6684,0.6598,0.698,0.5861,0.6773,0.6899,0.7077,NA,NA,NA,NA,NA,NA,0.7956,0.8125,0.7745,0.7705,0.7493,0.7557,NA,NA,0.0846,0.7888,0.8377,0.8419,0.8424,0.9202,0.9403,1.1444,1.1152,1.1247,NA,NA,NA,NA,NA,NA,0.7513,0.745,0.7347,0.6797,0.508,0.6542,NA,NA,NA,NA,NA,NA,NA,NA,NA,NA,NA,NA,NA,NA,NA,NA,NA,NA,NA,NA,NA,NA,NA,NA,NA,NA,NA,NA,NA,NA,NA,NA,NA,NA,NA,NA,NA
8.00833333333333,NA,NA,NA,NA,NA,NA,NA,NA,NA,NA,NA,NA,NA,0.0854,0.633,0.6256,0.6678,0.6617,0.6974,0.5871,0.681,0.6928,0.7126,NA,NA,NA,NA,NA,NA,0.8,0.8133,0.7776,0.772,0.75,0.7573,NA,NA,0.0846,0.794,0.8434,0.8487,0.8438,0.9265,0.9496,1.1503,1.1233,1.1337,NA,NA,NA,NA,NA,NA,0.7519,0.7445,0.7346,0.6793,0.5046,0.6531,NA,NA,NA,NA,NA,NA,NA,NA,NA,NA,NA,NA,NA,NA,NA,NA,NA,NA,NA,NA,NA,NA,NA,NA,NA,NA,NA,NA,NA,NA,NA,NA,NA,NA,NA,NA,NA
8.2725,NA,NA,NA,NA,NA,NA,NA,NA,NA,NA,NA,NA,NA,0.0853,0.6338,0.6267,0.6678,0.6649,0.6987,0.589,0.6848,0.696,0.7175,NA,NA,NA,NA,NA,NA,0.799,0.8136,0.7787,0.7729,0.7506,0.7589,NA,NA,0.0847,0.7984,0.847,0.853,0.8429,0.9376,0.9595,1.1544,1.1317,1.1414,NA,NA,NA,NA,NA,NA,0.7515,0.7437,0.7353,0.6783,0.5033,0.6515,NA,NA,NA,NA,NA,NA,NA,NA,NA,NA,NA,NA,NA,NA,NA,NA,NA,NA,NA,NA,NA,NA,NA,NA,NA,NA,NA,NA,NA,NA,NA,NA,NA,NA,NA,NA,NA
8.53694444444444,NA,NA,NA,NA,NA,NA,NA,NA,NA,NA,NA,NA,NA,0.0855,0.6352,0.6282,0.6677,0.6701,0.7013,0.5905,0.689,0.6994,0.7234,NA,NA,NA,NA,NA,NA,0.8008,0.816,0.7799,0.7743,0.7515,0.7593,NA,NA,0.0847,0.8018,0.8503,0.856,0.8437,0.9429,0.9679,1.159,1.138,1.1476,NA,NA,NA,NA,NA,NA,0.7516,0.7441,0.7345,0.6781,0.5017,0.6501,NA,NA,NA,NA,NA,NA,NA,NA,NA,NA,NA,NA,NA,NA,NA,NA,NA,NA,NA,NA,NA,NA,NA,NA,NA,NA,NA,NA,NA,NA,NA,NA,NA,NA,NA,NA,NA
8.80111111111111,NA,NA,NA,NA,NA,NA,NA,NA,NA,NA,NA,NA,NA,0.0855,0.6372,0.6305,0.6689,0.6753,0.7043,0.592,0.6929,0.7038,0.7277,NA,NA,NA,NA,NA,NA,0.8026,0.8171,0.7818,0.7768,0.7538,0.7639,NA,NA,0.0846,0.8048,0.8538,0.8595,0.8443,0.9535,0.9765,1.1648,1.1423,1.1544,NA,NA,NA,NA,NA,NA,0.749,0.7427,0.7344,0.6766,0.499,0.6499,NA,NA,NA,NA,NA,NA,NA,NA,NA,NA,NA,NA,NA,NA,NA,NA,NA,NA,NA,NA,NA,NA,NA,NA,NA,NA,NA,NA,NA,NA,NA,NA,NA,NA,NA,NA,NA
9.06555555555556,NA,NA,NA,NA,NA,NA,NA,NA,NA,NA,NA,NA,NA,0.0854,0.6386,0.6317,0.67,0.6789,0.7092,0.5942,0.6969,0.7073,0.7341,NA,NA,NA,NA,NA,NA,0.8015,0.8169,0.7808,0.777,0.755,0.7638,NA,NA,0.0846,0.8071,0.8563,0.8621,0.8445,0.9583,0.9847,1.1714,1.148,1.1613,NA,NA,NA,NA,NA,NA,0.7486,0.7414,0.7337,0.6768,0.497,0.648,NA,NA,NA,NA,NA,NA,NA,NA,NA,NA,NA,NA,NA,NA,NA,NA,NA,NA,NA,NA,NA,NA,NA,NA,NA,NA,NA,NA,NA,NA,NA,NA,NA,NA,NA,NA,NA
9.33,NA,NA,NA,NA,NA,NA,NA,NA,NA,NA,NA,NA,NA,0.0855,0.6406,0.6331,0.6712,0.6828,0.7131,0.5962,0.7011,0.7111,0.7398,NA,NA,NA,NA,NA,NA,0.8036,0.8184,0.783,0.7798,0.7571,0.7676,NA,NA,0.0846,0.8171,0.8678,0.8649,0.8445,0.9624,0.9897,1.1788,1.1529,1.1688,NA,NA,NA,NA,NA,NA,0.7473,0.7402,0.7333,0.6759,0.4952,0.6471,NA,NA,NA,NA,NA,NA,NA,NA,NA,NA,NA,NA,NA,NA,NA,NA,NA,NA,NA,NA,NA,NA,NA,NA,NA,NA,NA,NA,NA,NA,NA,NA,NA,NA,NA,NA,NA
9.59416666666667,NA,NA,NA,NA,NA,NA,NA,NA,NA,NA,NA,NA,NA,0.0855,0.6423,0.6349,0.6728,0.6853,0.716,0.5983,0.7051,0.7145,0.7451,NA,NA,NA,NA,NA,NA,0.8037,0.82,0.7831,0.7827,0.7585,0.7681,NA,NA,0.0846,0.8253,0.8762,0.8757,0.8439,0.9717,0.9964,1.1862,1.1617,1.1772,NA,NA,NA,NA,NA,NA,0.7464,0.7403,0.7334,0.6753,0.4937,0.647,NA,NA,NA,NA,NA,NA,NA,NA,NA,NA,NA,NA,NA,NA,NA,NA,NA,NA,NA,NA,NA,NA,NA,NA,NA,NA,NA,NA,NA,NA,NA,NA,NA,NA,NA,NA,NA
9.85861111111111,NA,NA,NA,NA,NA,NA,NA,NA,NA,NA,NA,NA,NA,0.0854,0.644,0.6369,0.6738,0.6869,0.7179,0.6006,0.7088,0.7182,0.7506,NA,NA,NA,NA,NA,NA,0.8033,0.8176,0.7824,0.7821,0.7597,0.7703,NA,NA,0.0845,0.8281,0.8782,0.8831,0.8437,0.973,0.997,1.1915,1.1677,1.1795,NA,NA,NA,NA,NA,NA,0.7448,0.7366,0.7306,0.6732,0.4916,0.6442,NA,NA,NA,NA,NA,NA,NA,NA,NA,NA,NA,NA,NA,NA,NA,NA,NA,NA,NA,NA,NA,NA,NA,NA,NA,NA,NA,NA,NA,NA,NA,NA,NA,NA,NA,NA,NA
10.1227777777778,NA,NA,NA,NA,NA,NA,NA,NA,NA,NA,NA,NA,NA,0.0856,0.6457,0.6386,0.6756,0.6899,0.7217,0.6048,0.7134,0.7225,0.7574,NA,NA,NA,NA,NA,NA,0.8036,0.8188,0.7831,0.7848,0.7618,0.7719,NA,NA,0.0848,0.8295,0.8795,0.8866,0.8421,0.9781,1.0033,1.1981,1.177,1.1842,NA,NA,NA,NA,NA,NA,0.7446,0.736,0.7303,0.6725,0.4894,0.6443,NA,NA,NA,NA,NA,NA,NA,NA,NA,NA,NA,NA,NA,NA,NA,NA,NA,NA,NA,NA,NA,NA,NA,NA,NA,NA,NA,NA,NA,NA,NA,NA,NA,NA,NA,NA,NA
10.3872222222222,NA,NA,NA,NA,NA,NA,NA,NA,NA,NA,NA,NA,NA,0.0853,0.647,0.6407,0.6767,0.6911,0.7231,0.6073,0.7186,0.7257,0.7652,NA,NA,NA,NA,NA,NA,0.8033,0.8186,0.7828,0.7862,0.7622,0.7718,NA,NA,0.0848,0.829,0.8795,0.8877,0.8416,0.9813,1.0048,1.2039,1.1835,1.1853,NA,NA,NA,NA,NA,NA,0.7433,0.7346,0.7278,0.6715,0.488,0.6437,NA,NA,NA,NA,NA,NA,NA,NA,NA,NA,NA,NA,NA,NA,NA,NA,NA,NA,NA,NA,NA,NA,NA,NA,NA,NA,NA,NA,NA,NA,NA,NA,NA,NA,NA,NA,NA
10.6513888888889,NA,NA,NA,NA,NA,NA,NA,NA,NA,NA,NA,NA,NA,0.0854,0.65,0.6436,0.6783,0.6933,0.7305,0.6102,0.7238,0.7302,0.7706,NA,NA,NA,NA,NA,NA,0.804,0.8193,0.7832,0.7875,0.7636,0.7744,NA,NA,0.0847,0.8295,0.8794,0.8886,0.8417,0.9843,1.0098,1.2097,1.187,1.1875,NA,NA,NA,NA,NA,NA,0.7431,0.7327,0.7246,0.6703,0.4848,0.6396,NA,NA,NA,NA,NA,NA,NA,NA,NA,NA,NA,NA,NA,NA,NA,NA,NA,NA,NA,NA,NA,NA,NA,NA,NA,NA,NA,NA,NA,NA,NA,NA,NA,NA,NA,NA,NA
10.9158333333333,NA,NA,NA,NA,NA,NA,NA,NA,NA,NA,NA,NA,NA,0.0853,0.6514,0.6457,0.68,0.6947,0.7399,0.6115,0.7286,0.735,0.7768,NA,NA,NA,NA,NA,NA,0.8041,0.8193,0.7824,0.7886,0.7642,0.7731,NA,NA,0.0847,0.8292,0.8798,0.8886,0.8411,0.9871,1.014,1.2074,1.1888,1.1899,NA,NA,NA,NA,NA,NA,0.7414,0.7308,0.7222,0.6689,0.4842,0.6393,NA,NA,NA,NA,NA,NA,NA,NA,NA,NA,NA,NA,NA,NA,NA,NA,NA,NA,NA,NA,NA,NA,NA,NA,NA,NA,NA,NA,NA,NA,NA,NA,NA,NA,NA,NA,NA
11.1802777777778,NA,NA,NA,NA,NA,NA,NA,NA,NA,NA,NA,NA,NA,0.0853,0.6549,0.6485,0.6826,0.7045,0.7432,0.614,0.7339,0.7392,0.7794,NA,NA,NA,NA,NA,NA,0.804,0.8191,0.783,0.7895,0.7647,0.7733,NA,NA,0.0847,0.8284,0.8796,0.8879,0.8416,0.9921,1.0202,1.2096,1.1929,1.1931,NA,NA,NA,NA,NA,NA,0.7411,0.7264,0.7185,0.6659,0.4816,0.6369,NA,NA,NA,NA,NA,NA,NA,NA,NA,NA,NA,NA,NA,NA,NA,NA,NA,NA,NA,NA,NA,NA,NA,NA,NA,NA,NA,NA,NA,NA,NA,NA,NA,NA,NA,NA,NA
11.4444444444444,NA,NA,NA,NA,NA,NA,NA,NA,NA,NA,NA,NA,NA,0.0854,0.6566,0.6508,0.6843,0.7099,0.7447,0.6161,0.7402,0.7452,0.7831,NA,NA,NA,NA,NA,NA,0.8044,0.8194,0.7837,0.7901,0.7648,0.7735,NA,NA,0.0847,0.8283,0.8787,0.8874,0.8432,0.9956,1.0224,1.2089,1.1946,1.1954,NA,NA,NA,NA,NA,NA,0.7408,0.7238,0.7161,0.6656,0.4806,0.6361,NA,NA,NA,NA,NA,NA,NA,NA,NA,NA,NA,NA,NA,NA,NA,NA,NA,NA,NA,NA,NA,NA,NA,NA,NA,NA,NA,NA,NA,NA,NA,NA,NA,NA,NA,NA,NA
11.7088888888889,NA,NA,NA,NA,NA,NA,NA,NA,NA,NA,NA,NA,NA,0.0853,0.6592,0.6533,0.6863,0.7116,0.7448,0.6179,0.7459,0.7505,0.7857,NA,NA,NA,NA,NA,NA,0.8048,0.8203,0.7835,0.7905,0.7651,0.7728,NA,NA,0.0847,0.8282,0.8781,0.8868,0.8434,1.0022,1.0294,1.2135,1.2006,1.1987,NA,NA,NA,NA,NA,NA,0.7398,0.723,0.7135,0.6633,0.4791,0.6339,NA,NA,NA,NA,NA,NA,NA,NA,NA,NA,NA,NA,NA,NA,NA,NA,NA,NA,NA,NA,NA,NA,NA,NA,NA,NA,NA,NA,NA,NA,NA,NA,NA,NA,NA,NA,NA
11.9730555555556,NA,NA,NA,NA,NA,NA,NA,NA,NA,NA,NA,NA,NA,0.0854,0.6622,0.6558,0.6883,0.7124,0.7448,0.6209,0.7513,0.7555,0.7895,NA,NA,NA,NA,NA,NA,0.8055,0.8207,0.7839,0.7904,0.7652,0.7736,NA,NA,0.0847,0.8274,0.878,0.8861,0.8428,1.0046,1.0339,1.2122,1.2026,1.1995,NA,NA,NA,NA,NA,NA,0.7365,0.7183,0.7098,0.6618,0.4766,0.6314,NA,NA,NA,NA,NA,NA,NA,NA,NA,NA,NA,NA,NA,NA,NA,NA,NA,NA,NA,NA,NA,NA,NA,NA,NA,NA,NA,NA,NA,NA,NA,NA,NA,NA,NA,NA,NA
12.2375,NA,NA,NA,NA,NA,NA,NA,NA,NA,NA,NA,NA,NA,0.0854,0.6641,0.6578,0.6912,0.7126,0.7443,0.6226,0.756,0.7601,0.7925,NA,NA,NA,NA,NA,NA,0.8071,0.8219,0.7845,0.7903,0.765,0.7731,NA,NA,0.0847,0.827,0.877,0.8855,0.8444,1.0128,1.0388,1.2151,1.2075,1.2017,NA,NA,NA,NA,NA,NA,0.7347,0.7158,0.7078,0.6607,0.4762,0.6304,NA,NA,NA,NA,NA,NA,NA,NA,NA,NA,NA,NA,NA,NA,NA,NA,NA,NA,NA,NA,NA,NA,NA,NA,NA,NA,NA,NA,NA,NA,NA,NA,NA,NA,NA,NA,NA
12.5019444444444,NA,NA,NA,NA,NA,NA,NA,NA,NA,NA,NA,NA,NA,0.0855,0.6667,0.6595,0.6931,0.7128,0.7441,0.625,0.7594,0.7665,0.7954,NA,NA,NA,NA,NA,NA,0.8071,0.8215,0.7845,0.7903,0.7646,0.7724,NA,NA,0.0848,0.8257,0.8766,0.8856,0.8445,1.0155,1.0408,1.222,1.2056,1.2024,NA,NA,NA,NA,NA,NA,0.7323,0.7129,0.7036,0.6581,0.4739,0.6281,NA,NA,NA,NA,NA,NA,NA,NA,NA,NA,NA,NA,NA,NA,NA,NA,NA,NA,NA,NA,NA,NA,NA,NA,NA,NA,NA,NA,NA,NA,NA,NA,NA,NA,NA,NA,NA
12.7661111111111,NA,NA,NA,NA,NA,NA,NA,NA,NA,NA,NA,NA,NA,0.0855,0.6681,0.6614,0.6949,0.7112,0.7425,0.6304,0.7616,0.7715,0.7976,NA,NA,NA,NA,NA,NA,0.8054,0.8203,0.7845,0.7895,0.7645,0.7724,NA,NA,0.0848,0.8259,0.8761,0.8845,0.8445,1.0204,1.0424,1.2177,1.2061,1.2008,NA,NA,NA,NA,NA,NA,0.73,0.7099,0.7009,0.6562,0.4721,0.6264,NA,NA,NA,NA,NA,NA,NA,NA,NA,NA,NA,NA,NA,NA,NA,NA,NA,NA,NA,NA,NA,NA,NA,NA,NA,NA,NA,NA,NA,NA,NA,NA,NA,NA,NA,NA,NA
13.0305555555556,NA,NA,NA,NA,NA,NA,NA,NA,NA,NA,NA,NA,NA,0.0853,0.6693,0.6635,0.6969,0.7109,0.742,0.6364,0.7641,0.7757,0.8,NA,NA,NA,NA,NA,NA,0.806,0.8198,0.7837,0.7892,0.764,0.7724,NA,NA,0.0848,0.8245,0.8754,0.8842,0.8455,1.0258,1.0456,1.2189,1.2087,1.2028,NA,NA,NA,NA,NA,NA,0.7277,0.7075,0.6991,0.6554,0.4711,0.6251,NA,NA,NA,NA,NA,NA,NA,NA,NA,NA,NA,NA,NA,NA,NA,NA,NA,NA,NA,NA,NA,NA,NA,NA,NA,NA,NA,NA,NA,NA,NA,NA,NA,NA,NA,NA,NA
13.2947222222222,NA,NA,NA,NA,NA,NA,NA,NA,NA,NA,NA,NA,NA,0.0852,0.6705,0.6645,0.7,0.7101,0.7409,0.6389,0.767,0.779,0.8024,NA,NA,NA,NA,NA,NA,0.8066,0.8194,0.7848,0.7889,0.7635,0.7721,NA,NA,0.0848,0.8246,0.8747,0.8832,0.8461,1.0296,1.0497,1.2173,1.2094,1.203,NA,NA,NA,NA,NA,NA,0.7257,0.7037,0.6964,0.6542,0.4684,0.6225,NA,NA,NA,NA,NA,NA,NA,NA,NA,NA,NA,NA,NA,NA,NA,NA,NA,NA,NA,NA,NA,NA,NA,NA,NA,NA,NA,NA,NA,NA,NA,NA,NA,NA,NA,NA,NA
13.5591666666667,NA,NA,NA,NA,NA,NA,NA,NA,NA,NA,NA,NA,NA,0.0852,0.6721,0.6659,0.7013,0.7099,0.7406,0.6402,0.7694,0.7819,0.8049,NA,NA,NA,NA,NA,NA,0.8086,0.8208,0.7856,0.789,0.7636,0.7717,NA,NA,0.0846,0.8238,0.8743,0.8829,0.8474,1.0348,1.0534,1.2139,1.2064,1.2015,NA,NA,NA,NA,NA,NA,0.7231,0.702,0.6947,0.6541,0.466,0.6195,NA,NA,NA,NA,NA,NA,NA,NA,NA,NA,NA,NA,NA,NA,NA,NA,NA,NA,NA,NA,NA,NA,NA,NA,NA,NA,NA,NA,NA,NA,NA,NA,NA,NA,NA,NA,NA
13.8236111111111,NA,NA,NA,NA,NA,NA,NA,NA,NA,NA,NA,NA,NA,0.0855,0.6759,0.6726,0.7034,0.709,0.7396,0.6405,0.7714,0.7848,0.8107,NA,NA,NA,NA,NA,NA,0.8089,0.8205,0.7854,0.7887,0.7636,0.7724,NA,NA,0.0849,0.8239,0.8735,0.8824,0.8482,1.0346,1.0552,1.2162,1.2047,1.201,NA,NA,NA,NA,NA,NA,0.7203,0.7,0.6919,0.6544,0.4656,0.6186,NA,NA,NA,NA,NA,NA,NA,NA,NA,NA,NA,NA,NA,NA,NA,NA,NA,NA,NA,NA,NA,NA,NA,NA,NA,NA,NA,NA,NA,NA,NA,NA,NA,NA,NA,NA,NA
14.0877777777778,NA,NA,NA,NA,NA,NA,NA,NA,NA,NA,NA,NA,NA,0.0853,0.684,0.6789,0.7049,0.7075,0.7386,0.6397,0.7732,0.787,0.8168,NA,NA,NA,NA,NA,NA,0.8095,0.8206,0.7857,0.7893,0.764,0.7733,NA,NA,0.0847,0.8231,0.8732,0.882,0.8484,1.0371,1.0581,1.212,1.1997,1.2005,NA,NA,NA,NA,NA,NA,0.7198,0.6973,0.6894,0.6543,0.4642,0.6172,NA,NA,NA,NA,NA,NA,NA,NA,NA,NA,NA,NA,NA,NA,NA,NA,NA,NA,NA,NA,NA,NA,NA,NA,NA,NA,NA,NA,NA,NA,NA,NA,NA,NA,NA,NA,NA
14.3522222222222,NA,NA,NA,NA,NA,NA,NA,NA,NA,NA,NA,NA,NA,0.0854,0.6883,0.6815,0.7093,0.7073,0.7381,0.6398,0.7757,0.7897,0.8215,NA,NA,NA,NA,NA,NA,0.8106,0.8207,0.7861,0.7886,0.7639,0.7722,NA,NA,0.0848,0.8219,0.8732,0.8807,0.8492,1.0385,1.0585,1.2127,1.2017,1.2,NA,NA,NA,NA,NA,NA,0.716,0.695,0.6858,0.655,0.4628,0.6149,NA,NA,NA,NA,NA,NA,NA,NA,NA,NA,NA,NA,NA,NA,NA,NA,NA,NA,NA,NA,NA,NA,NA,NA,NA,NA,NA,NA,NA,NA,NA,NA,NA,NA,NA,NA,NA
14.6163888888889,NA,NA,NA,NA,NA,NA,NA,NA,NA,NA,NA,NA,NA,0.0854,0.6902,0.6832,0.7171,0.7062,0.7363,0.6391,0.7768,0.7918,0.8251,NA,NA,NA,NA,NA,NA,0.8106,0.8194,0.7866,0.7876,0.763,0.7731,NA,NA,0.0847,0.8214,0.8723,0.8806,0.8497,1.0401,1.0606,1.2106,1.1967,1.2016,NA,NA,NA,NA,NA,NA,0.7138,0.6916,0.6841,0.6549,0.4604,0.6131,NA,NA,NA,NA,NA,NA,NA,NA,NA,NA,NA,NA,NA,NA,NA,NA,NA,NA,NA,NA,NA,NA,NA,NA,NA,NA,NA,NA,NA,NA,NA,NA,NA,NA,NA,NA,NA
14.8808333333333,NA,NA,NA,NA,NA,NA,NA,NA,NA,NA,NA,NA,NA,0.0853,0.6905,0.6833,0.7209,0.7051,0.7362,0.6388,0.7789,0.7936,0.8261,NA,NA,NA,NA,NA,NA,0.8139,0.8243,0.7902,0.7897,0.7652,0.7736,NA,NA,0.0848,0.8213,0.8721,0.8806,0.8504,1.0453,1.0643,1.2106,1.198,1.2003,NA,NA,NA,NA,NA,NA,0.7115,0.6905,0.6812,0.6557,0.4596,0.611,NA,NA,NA,NA,NA,NA,NA,NA,NA,NA,NA,NA,NA,NA,NA,NA,NA,NA,NA,NA,NA,NA,NA,NA,NA,NA,NA,NA,NA,NA,NA,NA,NA,NA,NA,NA,NA
15.1452777777778,NA,NA,NA,NA,NA,NA,NA,NA,NA,NA,NA,NA,NA,0.0854,0.6907,0.6828,0.7217,0.7046,0.7353,0.6386,0.7805,0.7953,0.8276,NA,NA,NA,NA,NA,NA,0.8123,0.8219,0.7887,0.7887,0.7626,0.7723,NA,NA,0.0848,0.8209,0.8716,0.8793,0.8504,1.0439,1.0639,1.2139,1.1942,1.2019,NA,NA,NA,NA,NA,NA,0.7099,0.6871,0.6793,0.657,0.4572,0.6096,NA,NA,NA,NA,NA,NA,NA,NA,NA,NA,NA,NA,NA,NA,NA,NA,NA,NA,NA,NA,NA,NA,NA,NA,NA,NA,NA,NA,NA,NA,NA,NA,NA,NA,NA,NA,NA
15.4094444444444,NA,NA,NA,NA,NA,NA,NA,NA,NA,NA,NA,NA,NA,0.0853,0.6904,0.6823,0.7219,0.7039,0.7351,0.6379,0.7841,0.7973,0.8287,NA,NA,NA,NA,NA,NA,0.813,0.8224,0.7907,0.7885,0.7638,0.7732,NA,NA,0.0849,0.8204,0.872,0.8794,0.8507,1.0476,1.0675,1.2087,1.1928,1.2017,NA,NA,NA,NA,NA,NA,0.7079,0.6841,0.6772,0.6564,0.4557,0.6077,NA,NA,NA,NA,NA,NA,NA,NA,NA,NA,NA,NA,NA,NA,NA,NA,NA,NA,NA,NA,NA,NA,NA,NA,NA,NA,NA,NA,NA,NA,NA,NA,NA,NA,NA,NA,NA
15.6738888888889,NA,NA,NA,NA,NA,NA,NA,NA,NA,NA,NA,NA,NA,0.0853,0.6895,0.6816,0.7219,0.7033,0.7333,0.6364,0.7908,0.7983,0.8291,NA,NA,NA,NA,NA,NA,0.8128,0.8221,0.7892,0.7874,0.7623,0.771,NA,NA,0.0849,0.8203,0.8709,0.8793,0.8506,1.0488,1.0679,1.2053,1.1878,1.1994,NA,NA,NA,NA,NA,NA,0.7056,0.6823,0.6752,0.6568,0.4535,0.605,NA,NA,NA,NA,NA,NA,NA,NA,NA,NA,NA,NA,NA,NA,NA,NA,NA,NA,NA,NA,NA,NA,NA,NA,NA,NA,NA,NA,NA,NA,NA,NA,NA,NA,NA,NA,NA
15.9380555555556,NA,NA,NA,NA,NA,NA,NA,NA,NA,NA,NA,NA,NA,0.0853,0.6887,0.6818,0.7215,0.7028,0.7326,0.6358,0.7963,0.8005,0.8296,NA,NA,NA,NA,NA,NA,0.8128,0.8221,0.7881,0.7873,0.7625,0.7713,NA,NA,0.0849,0.818,0.8711,0.879,0.8504,1.0485,1.0692,1.2008,1.1824,1.1959,NA,NA,NA,NA,NA,NA,0.7032,0.6791,0.6722,0.6575,0.4527,0.6028,NA,NA,NA,NA,NA,NA,NA,NA,NA,NA,NA,NA,NA,NA,NA,NA,NA,NA,NA,NA,NA,NA,NA,NA,NA,NA,NA,NA,NA,NA,NA,NA,NA,NA,NA,NA,NA
16.2025,NA,NA,NA,NA,NA,NA,NA,NA,NA,NA,NA,NA,NA,0.0854,0.6891,0.681,0.721,0.7022,0.7334,0.636,0.7996,0.8057,0.8299,NA,NA,NA,NA,NA,NA,0.8155,0.8257,0.7901,0.7881,0.763,0.7713,NA,NA,0.0849,0.8193,0.8706,0.8789,0.8502,1.0511,1.0723,1.1963,1.1786,1.1925,NA,NA,NA,NA,NA,NA,0.7025,0.6791,0.6716,0.6592,0.452,0.6011,NA,NA,NA,NA,NA,NA,NA,NA,NA,NA,NA,NA,NA,NA,NA,NA,NA,NA,NA,NA,NA,NA,NA,NA,NA,NA,NA,NA,NA,NA,NA,NA,NA,NA,NA,NA,NA
16.4666666666667,NA,NA,NA,NA,NA,NA,NA,NA,NA,NA,NA,NA,NA,0.0854,0.6888,0.681,0.7209,0.7016,0.7327,0.6362,0.8009,0.8121,0.8299,NA,NA,NA,NA,NA,NA,0.8136,0.8253,0.7897,0.787,0.7628,0.7716,NA,NA,0.0848,0.8189,0.87,0.879,0.8534,1.0505,1.0725,1.1974,1.1804,1.1926,NA,NA,NA,NA,NA,NA,0.7007,0.6761,0.67,0.6594,0.4504,0.5996,NA,NA,NA,NA,NA,NA,NA,NA,NA,NA,NA,NA,NA,NA,NA,NA,NA,NA,NA,NA,NA,NA,NA,NA,NA,NA,NA,NA,NA,NA,NA,NA,NA,NA,NA,NA,NA
16.7311111111111,NA,NA,NA,NA,NA,NA,NA,NA,NA,NA,NA,NA,NA,0.0853,0.6884,0.6808,0.7212,0.7008,0.7318,0.6345,0.8022,0.8176,0.8308,NA,NA,NA,NA,NA,NA,0.8134,0.8249,0.7881,0.7878,0.7625,0.7718,NA,NA,0.085,0.8196,0.8701,0.8791,0.865,1.0543,1.0728,1.199,1.1873,1.1938,NA,NA,NA,NA,NA,NA,0.6984,0.6727,0.6667,0.6594,0.4484,0.5973,NA,NA,NA,NA,NA,NA,NA,NA,NA,NA,NA,NA,NA,NA,NA,NA,NA,NA,NA,NA,NA,NA,NA,NA,NA,NA,NA,NA,NA,NA,NA,NA,NA,NA,NA,NA,NA
